Model,Accuracy,Precision,Recall,F1-Score,ROC-AUC
Random Forest,0.9736194404964121,0.9387040280210157,0.7102473498233216,0.8086497359818959,0.9660759506626952
Bagging,0.9726834679516068,0.917420814479638,0.7164310954063604,0.8045634920634921,0.9559143313914191
Decision Tree,0.9553159773979963,0.708066581306018,0.732773851590106,0.7202083785543738,0.8535215607121053
KNN,0.9544493361528061,0.8072445019404916,0.5512367491166078,0.6551181102362205,0.8860210266823466
Logistic Regression,0.8582868235865081,0.3202601497832085,0.717756183745583,0.44289997274461707,0.8746431936827236
